{"cameraMode":{"drawMode":0,"name":"Shaded","section":"Shading Mode"},"sceneLighting":false,"audioPlay":false,"sceneViewState":{"m_AlwaysRefresh":false,"showFog":true,"showSkybox":false,"showFlares":true,"showImageEffects":true,"showParticleSystems":true,"showVisualEffectGraphs":true,"m_FxEnabled":true},"in2DMode":false,"pivot":{"x":0.023263216018676759,"y":-0.004999876022338867,"z":0.011481493711471558},"rotation":{"x":0.37874409556388857,"y":0.03885375335812569,"z":-0.015916697680950166,"w":0.9245489835739136},"size":0.6296853423118591,"orthographic":false}